{
  "system elo": 353.10830417705745,
  "elo history": [
    395.0,
    390.0719508170905,
    385.21478805442746,
    380.42743600886047,
    375.70881025702397,
    371.05782008683695,
    366.4733707750297,
    361.95436571242976,
    357.4997083797022,
    353.10830417705745
  ],
  "game evaluation history": [
    -9999,
    -4,
    -9999,
    -9999,
    -9999,
    -9999,
    -9999,
    -9999,
    -9999,
    -9999
  ],
  "game status history": [
    -1,
    -1,
    -1,
    -1,
    -1,
    -1,
    -1,
    -1,
    -1,
    -1
  ],
  "time per move": {
    "0": [
      0.203125,
      0.328125,
      0.3125,
      0.296875,
      0.25,
      0.390625,
      0.3125,
      0.328125,
      0.28125,
      0.015625,
      0.21875,
      0.203125,
      0.15625,
      0.015625,
      0.046875,
      0.03125,
      0.046875
    ],
    "1": [
      0.203125,
      0.234375,
      0.265625,
      0.25,
      0.265625,
      0.453125,
      0.421875,
      0.453125,
      0.359375,
      0.265625,
      0.4375,
      0.421875,
      0.4375,
      0.3125,
      0.046875,
      0.34375,
      0.21875,
      0.03125,
      0.03125,
      0.03125,
      0.203125,
      0.03125,
      0.203125,
      0.03125,
      0.03125,
      0.046875,
      0.03125,
      0.03125,
      0.03125,
      0.015625
    ],
    "2": [
      0.203125,
      0.25,
      0.359375,
      0.453125,
      0.421875,
      0.453125,
      0.375,
      0.4375,
      0.328125,
      0.28125,
      0.28125,
      0.34375,
      0.359375,
      0.03125,
      0.03125,
      0.0
    ],
    "3": [
      0.203125,
      0.234375,
      0.34375,
      0.359375,
      0.328125,
      0.3125,
      0.28125,
      0.265625,
      0.328125,
      0.015625,
      0.03125,
      0.015625,
      0.046875,
      0.015625,
      0.015625,
      0.015625
    ],
    "4": [
      0.265625,
      0.296875,
      0.390625,
      0.3125,
      0.3125,
      0.296875,
      0.359375,
      0.40625,
      0.34375,
      0.375,
      0.390625,
      0.296875,
      0.265625,
      0.21875,
      0.265625,
      0.234375,
      0.296875,
      0.28125,
      0.3125,
      0.078125,
      0.1875,
      0.140625,
      0.015625,
      0.015625,
      0.03125
    ],
    "5": [
      0.21875,
      0.21875,
      0.3125,
      0.296875,
      0.359375,
      0.046875,
      0.1875,
      0.21875
    ],
    "6": [
      0.21875,
      0.28125,
      0.3125,
      0.359375,
      0.296875,
      0.375,
      0.328125,
      0.296875,
      0.328125,
      0.34375,
      0.34375,
      0.28125,
      0.265625,
      0.34375,
      0.0625,
      0.21875,
      0.25,
      0.046875,
      0.28125,
      0.203125,
      0.046875,
      0.046875,
      0.03125,
      0.0625,
      0.09375,
      0.015625,
      0.03125,
      0.09375
    ],
    "7": [
      0.3125,
      0.25,
      0.28125,
      0.40625,
      0.234375,
      0.203125,
      0.1875,
      0.34375,
      0.25,
      0.375,
      0.015625,
      0.015625,
      0.3125,
      0.34375,
      0.265625,
      0.28125,
      0.375,
      0.34375,
      0.375
    ],
    "8": [
      0.21875,
      0.21875,
      0.28125,
      0.375,
      0.4375,
      0.359375,
      0.375,
      0.46875,
      0.515625,
      0.546875,
      0.4375,
      0.59375,
      0.5,
      0.046875,
      0.484375,
      0.4375,
      0.09375,
      0.03125,
      0.078125,
      0.015625
    ],
    "9": [
      0.265625,
      0.1875,
      0.21875,
      0.265625,
      0.234375,
      0.234375,
      0.21875,
      0.078125,
      0.25,
      0.265625,
      0.265625,
      0.171875,
      0.203125,
      0.171875,
      0.171875,
      0.1875,
      0.203125,
      0.265625,
      0.203125,
      0.265625,
      0.078125,
      0.265625,
      0.046875,
      0.171875,
      0.09375,
      0.1875,
      0.15625
    ]
  }
}