{
  "system elo": 353.10830417705745,
  "elo history": [
    395.0,
    390.0719508170905,
    385.21478805442746,
    380.42743600886047,
    375.70881025702397,
    371.05782008683695,
    366.4733707750297,
    361.95436571242976,
    357.4997083797022,
    353.10830417705745
  ],
  "game evaluation history": [
    -9999,
    -9999,
    -9999,
    -9999,
    -9999,
    -9999,
    -9999,
    -9999,
    -9999,
    -9999
  ],
  "game status history": [
    -1,
    -1,
    -1,
    -1,
    -1,
    -1,
    -1,
    -1,
    -1,
    -1
  ],
  "time per move": {
    "0": [
      0.15625,
      0.171875,
      0.171875,
      0.15625,
      0.171875,
      0.1875,
      0.25,
      0.015625,
      0.015625,
      0.1875,
      0.234375,
      0.21875,
      0.171875,
      0.1875,
      0.1875,
      0.015625,
      0.109375,
      0.109375,
      0.0625,
      0.03125,
      0.015625,
      0.015625,
      0.015625,
      0.015625
    ],
    "1": [
      0.15625,
      0.171875,
      0.171875,
      0.234375,
      0.25,
      0.203125,
      0.234375,
      0.203125,
      0.265625,
      0.28125,
      0.0,
      0.28125,
      0.0,
      0.0,
      0.1875,
      0.21875,
      0.015625,
      0.015625,
      0.203125,
      0.140625,
      0.125,
      0.09375,
      0.015625,
      0.015625,
      0.078125,
      0.046875
    ],
    "2": [
      0.15625,
      0.171875,
      0.171875,
      0.171875,
      0.171875,
      0.15625,
      0.1875,
      0.171875,
      0.21875,
      0.171875,
      0.140625
    ],
    "3": [
      0.15625,
      0.21875,
      0.21875,
      0.234375,
      0.25,
      0.25,
      0.046875,
      0.234375,
      0.3125,
      0.015625
    ],
    "4": [
      0.15625,
      0.15625,
      0.15625,
      0.171875,
      0.203125,
      0.265625,
      0.265625,
      0.015625,
      0.03125,
      0.015625,
      0.03125,
      0.140625,
      0.171875,
      0.15625,
      0.21875,
      0.015625,
      0.140625
    ],
    "5": [
      0.15625,
      0.15625,
      0.171875,
      0.234375,
      0.265625,
      0.21875,
      0.15625,
      0.1875,
      0.03125,
      0.203125,
      0.234375,
      0.28125,
      0.1875,
      0.171875,
      0.109375,
      0.015625
    ],
    "6": [
      0.15625,
      0.15625,
      0.15625,
      0.15625,
      0.21875,
      0.203125,
      0.203125,
      0.203125,
      0.234375,
      0.203125,
      0.203125,
      0.21875,
      0.203125,
      0.203125,
      0.25,
      0.28125,
      0.046875,
      0.15625,
      0.15625,
      0.15625,
      0.171875,
      0.015625,
      0.15625,
      0.140625,
      0.03125,
      0.03125,
      0.015625,
      0.03125,
      0.0
    ],
    "7": [
      0.15625,
      0.203125,
      0.21875,
      0.21875,
      0.15625,
      0.25,
      0.234375
    ],
    "8": [
      0.15625,
      0.21875,
      0.21875,
      0.21875,
      0.234375,
      0.25,
      0.234375,
      0.265625,
      0.234375,
      0.203125,
      0.1875,
      0.28125,
      0.21875,
      0.21875,
      0.21875,
      0.265625,
      0.234375,
      0.203125
    ],
    "9": [
      0.15625,
      0.15625,
      0.171875,
      0.234375,
      0.234375,
      0.25,
      0.21875,
      0.203125,
      0.28125,
      0.171875,
      0.203125,
      0.1875,
      0.03125,
      0.015625,
      0.109375,
      0.078125,
      0.0625,
      0.140625,
      0.03125,
      0.015625,
      0.015625,
      0.015625,
      0.015625,
      0.015625
    ]
  }
}