{"system elo": 372.8254921545391, "elo history": [395.0, 390.0719508170905, 385.21478805442746, 380.42743600886047, 375.70881025702397, 371.05782008683695, 366.4733707750297, 371.95436571242976, 367.357100472014, 372.8254921545391], "game evaluation history": [-132, -1317, -1, -274, -2300, 9999, -3, 338, -388, 1277], "game status history": [-1, -1, -1, -1, -1, -1, -1, 1, -1, 1], "time per move": {"0": [0.8125, 5.203125, 16.65625, 26.09375, 5.953125, 21.5, 2.0, 8.265625, 20.34375, 18.8125, 6.484375, 33.21875, 66.34375, 44.3125, 66.03125, 53.078125, 76.953125, 101.546875, 34.828125, 132.59375, 79.75, 129.421875, 95.03125, 134.65625, 64.265625, 46.1875, 38.90625, 37.78125, 92.015625, 17.578125], "1": [2.9375, 2.4375, 1.515625, 2.234375, 5.828125, 4.890625, 12.625, 7.703125, 168.734375, 39.125, 139.546875, 47.390625, 67.921875, 14.90625, 23.515625, 35.125, 77.453125, 22.328125, 4.015625, 3.5, 11.625, 33.921875, 46.59375, 8.90625, 5.203125, 4.53125, 2.21875, 6.71875, 5.640625, 3.328125], "2": [0.8125, 9.484375, 9.34375, 6.046875, 11.890625, 1.859375, 6.546875, 9.46875, 8.03125, 48.921875, 59.359375, 9.5, 30.3125, 18.125, 16.375, 41.8125, 22.96875, 9.890625, 23.875, 17.84375, 52.0, 47.609375, 98.796875, 17.96875, 4.578125, 5.6875, 2.296875, 2.5, 2.296875, 2.515625], "3": [3.5625, 3.3125, 4.625, 15.515625, 7.828125, 7.984375, 59.546875, 11.796875, 20.359375, 18.65625, 27.171875, 7.125, 7.5625, 19.78125, 17.90625, 13.875, 19.03125, 18.21875, 13.78125, 16.203125, 11.359375, 16.25, 19.984375, 15.921875, 4.65625, 14.90625, 18.375, 24.71875, 21.015625, 24.5625], "4": [0.8125, 11.375, 5.65625, 4.96875, 5.171875, 15.453125, 7.125, 39.0, 45.0, 27.8125, 35.34375, 42.8125, 64.921875, 70.765625, 30.5, 25.40625, 21.984375, 25.578125, 22.015625, 65.671875, 103.109375, 100.09375, 117.75, 107.6875, 117.15625, 74.921875, 5.34375, 44.15625, 69.3125, 80.484375], "5": [3.03125, 3.21875, 5.5625, 5.484375, 19.953125, 8.453125, 9.59375, 12.0625, 13.921875, 12.3125, 6.09375, 17.109375, 10.875, 6.640625, 24.796875, 26.546875, 17.28125, 69.25, 21.59375, 12.609375, 16.390625, 17.921875, 20.71875, 18.46875, 2.640625, 10.3125, 4.890625, 1.484375], "6": [0.8125, 11.359375, 9.109375, 9.65625, 17.9375, 8.28125, 14.625, 17.34375, 18.921875, 22.578125, 11.421875, 21.09375, 26.640625, 23.203125, 38.484375, 3.25, 3.625, 3.96875, 23.53125, 9.9375, 13.09375, 16.0, 20.5, 32.5625, 18.90625, 45.375, 67.71875, 76.390625, 20.765625, 23.1875], "7": [2.625, 4.890625, 6.8125, 30.125, 7.953125, 8.96875, 8.421875, 3.65625, 5.796875, 9.046875, 8.453125, 4.625, 3.328125, 2.21875, 7.109375, 6.03125, 3.671875, 7.46875, 5.765625, 10.1875, 21.890625, 5.046875, 10.453125, 22.96875, 10.140625, 6.34375, 11.390625, 11.4375, 21.34375, 17.4375], "8": [0.8125, 11.390625, 9.171875, 10.828125, 23.0625, 9.609375, 17.09375, 10.15625, 19.125, 21.765625, 22.453125, 40.4375, 55.765625, 61.265625, 83.078125, 12.65625, 67.171875, 59.515625, 114.15625, 124.53125, 2.453125, 69.8125, 36.96875, 40.84375, 40.65625, 40.71875, 71.5, 57.578125, 159.140625, 196.375], "9": [2.90625, 1.34375, 2.28125, 6.609375, 5.1875, 11.046875, 12.203125, 6.796875, 5.328125, 6.875, 6.453125, 6.5, 8.359375, 8.5, 10.46875, 5.390625, 21.703125, 8.5, 19.03125, 18.703125, 24.390625, 25.421875, 13.140625, 67.390625, 32.546875, 76.296875, 19.640625, 14.53125, 18.25, 16.78125]}}