{"system elo": 353.10830417705745, "elo history": [395.0, 390.0719508170905, 385.21478805442746, 380.42743600886047, 375.70881025702397, 371.05782008683695, 366.4733707750297, 361.95436571242976, 357.4997083797022, 353.10830417705745], "game evaluation history": [-9999, -9999, -9999, -9999, -9999, -9999, -9999, -9999, -9999, -9999], "game status history": [-1, -1, -1, -1, -1, -1, -1, -1, -1, -1], "time per move": {"0": [33.875, 34.046875, 35.703125, 32.859375, 31.03125, 31.453125, 32.453125, 32.578125, 2.9375], "1": [34.359375, 33.140625, 31.875, 35.421875, 34.171875, 33.140625, 32.703125, 34.234375], "2": [35.078125, 36.015625, 32.015625, 33.578125, 31.03125, 34.84375, 32.140625, 35.578125, 31.140625, 32.46875, 31.890625, 30.671875, 30.671875, 29.484375, 23.328125], "3": [33.40625, 31.109375, 33.75, 31.09375, 32.890625, 29.0, 23.96875, 26.40625, 29.765625, 27.671875], "4": [31.765625, 35.75, 32.15625, 34.84375, 33.21875, 33.5625, 33.34375, 32.015625, 33.34375, 30.578125, 30.25, 30.234375, 28.359375, 28.109375, 26.921875, 21.953125, 22.671875, 23.03125, 20.0625, 25.5, 20.578125, 18.59375, 17.140625, 14.515625, 10.515625, 16.59375, 14.21875], "5": [33.171875, 31.625, 34.25, 35.671875, 30.703125, 30.375, 29.5, 30.171875, 32.5625, 28.515625, 23.765625, 25.46875, 26.875], "6": [34.609375, 31.5, 33.375, 30.40625, 32.5, 31.015625, 30.0625, 32.15625, 31.640625, 27.328125, 28.015625, 8.375], "7": [29.6875, 33.96875], "8": [30.921875, 31.421875, 33.078125, 32.953125, 33.8125, 31.421875, 33.875, 30.875, 29.765625, 33.96875, 33.9375], "9": [33.859375, 36.578125, 32.71875, 31.96875, 31.375, 31.171875, 29.5, 31.1875, 29.65625, 33.40625, 27.875, 28.46875, 32.296875, 28.140625, 29.625, 28.765625, 28.515625, 29.65625, 30.953125, 24.8125, 22.921875, 23.25, 23.796875, 20.328125, 19.84375]}}