{"system elo": 353.10830417705745, "elo history": [395.0, 390.0719508170905, 385.21478805442746, 380.42743600886047, 375.70881025702397, 371.05782008683695, 366.4733707750297, 361.95436571242976, 357.4997083797022, 353.10830417705745], "game evaluation history": [-9999, -9999, -9999, -9999, -9999, -9999, -9999, -9999, -9999, -3], "game status history": [-1, -1, -1, -1, -1, -1, -1, -1, -1, -1], "time per move": {"0": [10.453125, 11.953125, 10.59375, 11.6875, 11.28125, 10.46875, 10.75, 11.171875, 11.0, 8.59375, 8.359375, 8.515625, 9.03125, 8.046875, 8.28125, 8.5, 7.0, 6.0625, 6.65625, 5.84375], "1": [10.96875, 12.109375, 10.578125, 10.953125, 12.5625, 11.25, 11.640625, 10.140625, 9.421875, 10.203125, 11.90625, 8.78125, 9.328125, 10.65625], "2": [11.84375, 10.734375, 11.296875, 12.25, 9.9375, 11.0625, 8.703125, 8.671875, 10.234375, 7.6875, 8.484375, 7.125, 7.59375, 8.234375], "3": [10.484375, 11.40625, 12.25, 11.640625, 11.25, 10.390625, 9.53125, 10.953125, 8.5625, 10.46875, 8.078125], "4": [10.203125, 11.4375, 10.65625, 9.0625, 11.296875, 8.28125, 9.453125, 9.703125, 8.328125, 9.609375, 8.921875, 9.828125, 10.40625, 7.78125, 8.40625, 8.78125, 8.84375, 7.671875, 6.3125, 4.328125, 7.859375, 4.796875, 4.875, 5.015625], "5": [11.46875, 11.25, 11.625, 12.5625, 12.578125, 12.015625, 8.375, 10.640625, 10.453125, 9.0625, 8.0625, 7.859375, 10.078125, 10.359375, 10.578125, 8.390625, 7.84375, 7.578125, 8.84375, 7.765625, 8.65625, 7.703125, 7.21875, 7.484375, 5.015625, 5.59375, 8.0625, 4.640625], "6": [11.234375, 11.0, 10.5, 11.53125, 11.0625, 11.8125, 10.96875, 11.578125, 10.15625, 8.546875, 9.65625, 9.515625, 9.65625, 9.46875, 8.03125, 9.15625, 9.5, 10.625, 8.296875], "7": [10.890625, 11.171875, 11.640625, 11.625, 11.203125, 9.796875, 9.84375, 9.09375, 8.125, 8.21875, 9.015625, 7.03125, 7.1875, 7.921875, 7.578125], "8": [10.15625, 11.046875, 10.640625, 10.5625, 9.328125, 9.0, 9.84375, 9.421875, 9.859375, 9.34375, 8.375, 9.828125, 11.078125, 10.703125, 11.1875, 9.65625, 10.125, 9.609375, 8.9375, 9.546875, 9.390625, 3.421875], "9": [11.796875, 11.984375, 11.71875, 10.3125, 10.40625, 8.625, 9.28125, 10.078125, 9.078125, 10.1875, 10.984375, 9.6875, 9.171875, 10.015625, 9.375, 8.5625, 7.78125, 7.484375, 7.890625, 7.78125, 7.40625, 6.78125, 8.046875, 7.515625, 5.8125, 5.03125, 5.625, 5.59375, 5.1875, 5.21875]}}